MotifSequence	PDB	CHAIN	PHOSRESI	ISOFORM	SMALLMOL	MESSAGE	REMOVE	PHOS_RES_TYPE	SEQUENCE_PEPTIDE_ANNOTATED	SEQUENCE_PEPTIDE_RAW	SEQUENCE_MOTIF	PHOSRESI_LOCAL	OMEGA
QSSAN	6YMO	C	617	zeta,delta			False	S	RSYRQS[SEP]ANLLCF	RSYRQSSANLLCF	AN	6	179.3350067138672
AISLP	2C63	P	4	unknown			False	S	RAI[SEP]LP	RAISLP	LP	3	176.74874877929688
AISLP	2C63	Q	4	unknown			False	S	RAI[SEP]LP	RAISLP	LP	3	173.44937133789062
AISLP	2C63	R	4	unknown			False	S	RAI[SEP]LP	RAISLP	LP	3	174.35780334472656
AISLP	2C63	S	4	unknown			False	S	RAI[SEP]LP	RAISLP	LP	3	176.40255737304688
QRSAP	2BR9	P	5	unknown			False	S	RRQR[SEP]AP	RRQRSAP	AP	4	168.32510375976562
YHSLP	1QJA	Q	7	unknown			False	S	RLYH[SEP]LPA	RLYHSLPA	LP	4	180.45799255371094
YHSLP	1QJA	R	7	unknown			False	S	RLYH[SEP]LPA	RLYHSLPA	LP	4	176.5062713623047
SMSET	6KZG	C	301	theta			False	S	RSM[SEP]ETGT	RSMSETGT	ET	3	181.27671813964844
SMSET	6KZG	Q	301	theta			False	S	RSM[SEP]ETGT	RSMSETGT	ET	3	177.19760131835938
ALSFD	2WH0	Q	368	epsilon			False	S	DRSK[SEP]APTSPCDQEIKELENNIRKAL[SEP]FDNR	DRSKSAPTSPCDQEIKELENNIRKALSFDNR	FD	26	188.6665496826172
SNSAP	8QTF	K	1173	unknown	(4S)-2-METHYL-2,4-PENTANEDIOL		False	S	RISN[SEP]AP	RISNSAP	AP	4	177.1864471435547
SNSAP	8QTF	L	1173	unknown	(4S)-2-METHYL-2,4-PENTANEDIOL		False	S	RISN[SEP]AP	RISNSAP	AP	4	171.2921600341797
SNSAP	8QTF	M	1173	unknown	(4S)-2-METHYL-2,4-PENTANEDIOL		False	S	RISN[SEP]AP	RISNSAP	AP	4	168.94158935546875
SNSAP	8QTF	N	1173	unknown	(4S)-2-METHYL-2,4-PENTANEDIOL		False	S	RISN[SEP]AP	RISNSAP	AP	4	177.97242736816406
SNSAP	8QTF	O	1173	unknown	(4S)-2-METHYL-2,4-PENTANEDIOL		False	S	RISN[SEP]AP	RISNSAP	AP	4	172.32958984375
SNSAP	8QTF	P	1173	unknown	(4S)-2-METHYL-2,4-PENTANEDIOL		False	S	RISN[SEP]AP	RISNSAP	AP	4	170.1936798095703
SNSAP	8QTF	Q	1173	unknown	(4S)-2-METHYL-2,4-PENTANEDIOL		False	S	RISN[SEP]AP	RISNSAP	AP	4	179.34120178222656
SNSAP	8QTF	R	1173	unknown	(4S)-2-METHYL-2,4-PENTANEDIOL		False	S	RISN[SEP]AP	RISNSAP	AP	4	174.95631408691406
SNSAP	8QTF	S	1173	unknown	(4S)-2-METHYL-2,4-PENTANEDIOL		False	S	RISN[SEP]AP	RISNSAP	AP	4	173.3902130126953
SNSAP	8QTF	T	1173	unknown	(4S)-2-METHYL-2,4-PENTANEDIOL		False	S	RISN[SEP]AP	RISNSAP	AP	4	173.13998413085938
LFSAP	8QTT	K	1270	unknown			False	S	ELF[SEP]AP	ELFSAP	AP	3	173.52613830566406
LFSAP	8QTT	L	1270	unknown			False	S	ELF[SEP]AP	ELFSAP	AP	3	175.13223266601562
LFSAP	8QTT	M	1270	unknown			False	S	ELF[SEP]AP	ELFSAP	AP	3	176.3225555419922
LFSAP	8QTT	N	1270	unknown			False	S	ELF[SEP]AP	ELFSAP	AP	3	178.175537109375
LFSAP	8QTT	O	1270	unknown			False	S	ELF[SEP]AP	ELFSAP	AP	3	173.45462036132812
LFSAP	8QTT	P	1270	unknown			False	S	ELF[SEP]AP	ELFSAP	AP	3	175.78997802734375
LFSAP	8QTT	Q	1270	unknown			False	S	ELF[SEP]AP	ELFSAP	AP	3	175.0731201171875
LFSAP	8QTT	R	1270	unknown			False	S	ELF[SEP]AP	ELFSAP	AP	3	177.84132385253906
LFSAP	8QTT	S	1270	unknown			False	S	ELF[SEP]AP	ELFSAP	AP	3	182.98622131347656
LFSAP	8QTT	T	1270	unknown			False	S	ELF[SEP]AP	ELFSAP	AP	3	179.08636474609375
VLSAP	3AXY	E	192	unknown			False	S	LQRVL[SEP]APF	LQRVLSAPF	AP	5	177.34996032714844
VLSAP	3AXY	F	192	unknown			False	S	LQRVL[SEP]APF	LQRVLSAPF	AP	5	184.18356323242188
VLSAP	3AXY	K	192	unknown			False	S	LQRVL[SEP]APF	LQRVLSAPF	AP	5	174.4625701904297
VLSAP	3AXY	L	192	unknown			False	S	LQRVL[SEP]APF	LQRVLSAPF	AP	5	188.4302520751953
QGSFR	5YQG	E	265	alpha			False	S	LARQG[SEP]FRGFPALSQKMSPFKRQL[SEP]LRINEL	LARQGSFRGFPALSQKMSPFKRQLSLRINEL	FR	5	182.84420776367188
QGSFR	5YQG	F	265	alpha			False	S	LARQG[SEP]FRGFPALSQKMSPFKRQL[SEP]LRINEL	LARQGSFRGFPALSQKMSPFKRQLSLRINEL	FR	5	179.5162353515625
QLSLR	5YQG	E	284	alpha			False	S	LARQG[SEP]FRGFPALSQKMSPFKRQL[SEP]LRINEL	LARQGSFRGFPALSQKMSPFKRQLSLRINEL	LR	24	175.98379516601562
QLSLR	5YQG	F	284	alpha			False	S	LARQG[SEP]FRGFPALSQKMSPFKRQL[SEP]LRINEL	LARQGSFRGFPALSQKMSPFKRQLSLRINEL	LR	24	179.15953063964844
SRSSP	6FBB	P	1242	sigma			False	S	SR[SEP]SP	SRSSP	SP	2	166.0242462158203
SHSSP	6RJL	P	127	sigma	5-(3-azanylpropyl)-4-phenyl-thiophene-2-carboximidamide		False	S	RSH[SEP]SPASLQLGT	RSHSSPASLQLGT	SP	3	166.40872192382812
SHSSP	6RJQ	P	127	sigma	4-[[(2~{S})-1-azanylpropan-2-yl]amino]-6-(sulfanylmethyl)-1-benzothiophene-2-carboximidamide		False	S	RSH[SEP]SPASLQLGT	RSHSSPASLQLGT	SP	3	165.5771942138672
SHSSP	6SLX	P	127	sigma	~{N}-[3-(5-carbamimidoylthiophen-3-yl)phenyl]propanamide		False	S	RSH[SEP]SPASLQLGT	RSHSSPASLQLGT	SP	3	161.43585205078125
SHSSP	5N5R	P	89	sigma	2-azanyl-~{N}-(2,6-dimethylphenyl)-~{N}-propan-2-yl-ethanamide		False	S	SH[SEP]SPASLQ	SHSSPASLQ	SP	2	162.46226501464844
SHSSP	5N5T	P	89	sigma	4-[3,5-bis(chloranyl)pyridin-2-yl]oxyphenol		False	S	SH[SEP]SPASL	SHSSPASL	SP	2	165.94456481933594
SHSSP	5N5W	P	89	sigma	4-[3,5-bis(chloranyl)pyridin-2-yl]oxyaniline		False	S	RSH[SEP]SPASLQ	RSHSSPASLQ	SP	3	162.9440155029297
SHSSP	5N75	P	89	sigma			False	S	RSH[SEP]SPASLQ	RSHSSPASLQ	SP	3	164.3990020751953
SHSSP	6RHC	P	89	sigma	5-azanyl-4-phenyl-thiophene-2-carboximidamide		False	S	RSH[SEP]SPASLQLGT	RSHSSPASLQLGT	SP	3	161.7613983154297
SHSSP	6RP6	P	127	sigma	4-phenyl-5-(piperidin-4-ylmethyl)thiophene-2-carboximidamide		False	S	RSH[SEP]SPASLQLGT	RSHSSPASLQLGT	SP	3	167.12442016601562
SHSSP	6SLW	P	127	sigma	4-methyl-5-phenyl-thiophene-2-carboximidamide		False	S	RSH[SEP]SPASLQLGT	RSHSSPASLQLGT	SP	3	161.9908447265625
KLSLQ	6Y3O	P	100	sigma			False	S	RKL[SEP]LQER	RKLSLQER	LQ	3	185.6999053955078
KLSLQ	6EF5	R	100	zeta,delta			False	S	KL[SEP]LQ	KLSLQ	LQ	2	159.70388793945312
KLSLQ	6EF5	P	100	zeta,delta			False	S	KL[SEP]LQ	KLSLQ	LQ	2	167.05397033691406
LSDHA	6YIC	P	127	sigma			False	S	[ACE]WVRCL[SEP]DHA	WVRCLSDHA	DH	6	179.1311492919922
AGSIP	6YOW	P	45	sigma	4-(methylsulfonyl)benzaldehyde		False	S	EGRSAG[SEP]IPGRRS	EGRSAGSIPGRRS	IP	6	188.21292114257812
AGSIP	6YOX	P	45	sigma	N-[4-(hydroxymethyl)phenyl]acetamide		False	S	EGRSAG[SEP]IPGRRS	EGRSAGSIPGRRS	IP	6	178.82763671875
AGSIP	6YOY	P	45	sigma	5-methyl-2-nitrophenol		False	S	EGRSAG[SEP]IPGRRS	EGRSAGSIPGRRS	IP	6	174.0211181640625
AGSIP	6YP2	P	45	sigma	1-(4-methylphenyl)imidazole		False	S	EGRSAG[SEP]IPGRRS	EGRSAGSIPGRRS	IP	6	179.64889526367188
AGSIP	6YP3	P	45	sigma	1-(4-methylphenyl)-1,2,4-triazole		False	S	EGRSAG[SEP]IPGRRS	EGRSAGSIPGRRS	IP	6	178.0025634765625
AGSIP	6YP8	P	45	sigma	3-imidazol-1-ylbenzaldehyde		False	S	EGRSAG[SEP]IPGRRS	EGRSAGSIPGRRS	IP	6	178.662353515625
AGSIP	6YPL	P	45	sigma	(2-methylsulfonylphenyl)methanol		False	S	EGRSAG[SEP]IPGRRS	EGRSAGSIPGRRS	IP	6	180.30325317382812
AGSIP	6YPY	P	45	sigma	4-(4-ethanoylpiperazin-1-yl)sulfonylbenzaldehyde		False	S	EGRSAG[SEP]IPGRRS	EGRSAGSIPGRRS	IP	6	176.5613250732422
AGSIP	6YQ2	P	45	sigma	4-[(2~{R},6~{S})-2,6-dimethylmorpholin-4-yl]sulfonylbenzaldehyde		False	S	EGRSAG[SEP]IPGRRS	EGRSAGSIPGRRS	IP	6	181.44198608398438
AGSIP	6QHL	P	127	sigma			False	S	AEGRSAG[SEP]IPGRRS	AEGRSAGSIPGRRS	IP	7	177.5432891845703
AGSIP	7BI3	P	45	sigma	4-[(6-methoxy-3,4-dihydro-2~{H}-quinolin-1-yl)sulfonyl]benzaldehyde		False	S	EGRSAG[SEP]IPGRRS	EGRSAGSIPGRRS	IP	6	175.15176391601562
AGSIP	7BIQ	P	45	sigma	4-[[(2~{R})-2-methyl-3,4-dihydro-2~{H}-quinolin-1-yl]sulfonyl]benzaldehyde		False	S	EGRSAG[SEP]IPGRRS	EGRSAGSIPGRRS	IP	6	176.6033172607422
AGSIP	7BIW	P	45	sigma	4-(3,4-dihydro-2~{H}-quinoxalin-1-ylsulfonyl)benzaldehyde		False	S	EGRSAG[SEP]IPGRRS	EGRSAGSIPGRRS	IP	6	175.4995880126953
AGSIP	7BIY	P	45	sigma	1-(4-methanoylphenyl)carbonylpiperidine-4-carbonitrile		False	S	EGRSAG[SEP]IPGRRS	EGRSAGSIPGRRS	IP	6	178.80711364746094
AGSIP	7BJB	P	127	sigma	4-(4-methylphenyl)sulfonylmorpholine		False	S	EGRSAG[SEP]IPGRRS	EGRSAGSIPGRRS	IP	6	175.7744598388672
AGSIP	7BJF	P	45	sigma	(5-methyl-2-nitro-phenyl) cyclobutanecarboxylate		False	S	EGRSAG[SEP]IPGRRS	EGRSAGSIPGRRS	IP	6	177.23480224609375
AGSIP	7BJL	P	45	sigma	3-[(3~{S})-3-methoxypiperidin-1-yl]-4-nitro-benzaldehyde		False	S	EGRSAG[SEP]IPGRRS	EGRSAGSIPGRRS	IP	6	178.25750732421875
AGSIP	7BJW	P	45	sigma	4-nitro-3-(4-oxidanylpiperidin-1-yl)benzaldehyde		False	S	EGRSAG[SEP]IPGRRS	EGRSAGSIPGRRS	IP	6	172.75941467285156
AGSIP	7BKH	P	45	sigma	4-nitro-3-[(3S)-3-oxidanylpiperidin-1-yl]benzaldehyde		False	S	EGRSAG[SEP]IPGRRS	EGRSAGSIPGRRS	IP	6	178.60269165039062
AGSIP	7NJ9	P	45	sigma	4-(3,4-dihydro-2~{H}-quinolin-1-ylsulfonyl)benzaldehyde		False	S	EGRSAG[SEP]IPGRRS	EGRSAGSIPGRRS	IP	6	173.5555419921875
AGSIP	7NJB	P	45	sigma	4-piperidin-1-ylsulfonylbenzaldehyde		False	S	EGRSAG[SEP]IPGRRS	EGRSAGSIPGRRS	IP	6	174.39576721191406
AGSIP	7NK3	P	45	sigma	2-(4-methylphenyl)sulfonyl-3,4-dihydro-1~{H}-isoquinoline		False	S	EGRSAG[SEP]IPGRRS	EGRSAGSIPGRRS	IP	6	168.7044219970703
AGSIP	7NK5	P	45	sigma	1-(4-methylphenyl)sulfonyl-4-(2-methylpropyl)piperazine		False	S	EGRSAG[SEP]IPGRRS	EGRSAGSIPGRRS	IP	6	179.98020935058594
AGSIP	7NLA	P	45	sigma	~{N}-cyclohexyl-4-methanoyl-~{N}-methyl-benzenesulfonamide		False	S	EGRSAG[SEP]IPGRRS	EGRSAGSIPGRRS	IP	6	169.02940368652344
AGSIP	7NLE	P	45	sigma	4-(4-methylpiperazin-1-yl)sulfonylbenzaldehyde		False	S	EGRSAG[SEP]IPGRRS	EGRSAGSIPGRRS	IP	6	178.31170654296875
AGSIP	7NM1	P	45	sigma	4-(4-pyrrolidin-1-ylpiperidin-1-yl)sulfonylbenzaldehyde		False	S	EGRSAG[SEP]IPGRRS	EGRSAGSIPGRRS	IP	6	178.19549560546875
AGSIP	7NM3	P	45	sigma	4-[4-(dimethylamino)piperidin-1-yl]sulfonylbenzaldehyde		False	S	EGRSAG[SEP]IPGRRS	EGRSAGSIPGRRS	IP	6	176.81808471679688
AGSIP	7NM9	P	45	sigma	6-(2-bromanylimidazol-1-yl)pyridine-3-carbaldehyde		False	S	EGRSAG[SEP]IPGRRS	EGRSAGSIPGRRS	IP	6	179.07803344726562
AGSIP	7NMH	P	45	sigma	(5-methanoyl-2-nitro-phenyl) methanesulfonate		False	S	EGRSAG[SEP]IPGRRS	EGRSAGSIPGRRS	IP	6	177.22653198242188
AGSIP	7NQP	P	45	sigma	2-bromanyl-4-(2-phenylimidazol-1-yl)benzaldehyde		False	S	EGRSAG[SEP]IPGRRS	EGRSAGSIPGRRS	IP	6	181.6858673095703
AGSIP	7NR7	P	45	sigma	4-(2-chloranyl-5-methoxy-benzimidazol-1-yl)benzaldehyde		False	S	EGRSAG[SEP]IPGRRS	EGRSAGSIPGRRS	IP	6	171.12879943847656
AGSIP	7NSV	P	45	sigma	1-(3-bromanyl-4-methyl-phenyl)-2-(2-bromophenyl)imidazole		False	S	EGRSAG[SEP]IPGRRS	EGRSAGSIPGRRS	IP	6	186.4310302734375
AGSIP	7NV4	P	45	sigma	4-(2,3-dihydroindol-1-ylsulfonyl)benzaldehyde		False	S	EGRSAG[SEP]IPGRRS	EGRSAGSIPGRRS	IP	6	174.64686584472656
AGSIP	7NVI	P	45	sigma	4-[(7-chloranyl-2,3-dihydro-1,4-benzoxazin-4-yl)sulfonyl]benzaldehyde		False	S	EGRSAG[SEP]IPGRRS	EGRSAGSIPGRRS	IP	6	173.96563720703125
AGSIP	7NWS	P	45	sigma	4-[(7-methoxy-2,3-dihydro-1,4-benzoxazin-4-yl)sulfonyl]benzaldehyde		False	S	EGRSAG[SEP]IPGRRS	EGRSAGSIPGRRS	IP	6	174.32742309570312
AGSIP	7NXS	P	45	sigma	4-[(6-fluoranyl-2,3-dihydro-1,4-benzoxazin-4-yl)sulfonyl]benzaldehyde		False	S	EGRSAG[SEP]IPGRRS	EGRSAGSIPGRRS	IP	6	176.28543090820312
AGSIP	7NXT	P	45	sigma	4-(2,3-dihydro-1,4-benzoxazin-4-ylsulfonyl)benzaldehyde		False	S	EGRSAG[SEP]IPGRRS	EGRSAGSIPGRRS	IP	6	175.8448486328125
AGSIP	7NXW	P	45	sigma	4-[(6-chloranyl-3,4-dihydro-2~{H}-quinolin-1-yl)sulfonyl]benzaldehyde		False	S	EGRSAG[SEP]IPGRRS	EGRSAGSIPGRRS	IP	6	175.33865356445312
AGSIP	7NXY	P	45	sigma	4-[(6-fluoranyl-3,4-dihydro-2~{H}-quinolin-1-yl)sulfonyl]benzaldehyde		False	S	EGRSAG[SEP]IPGRRS	EGRSAGSIPGRRS	IP	6	175.520263671875
AGSIP	7NY4	P	45	sigma	4-(3-oxidanylidenepiperazin-1-yl)sulfonylbenzaldehyde		False	S	EGRSAG[SEP]IPGRRS	EGRSAGSIPGRRS	IP	6	176.2794189453125
AGSIP	7NYE	P	45	sigma	4-(4-propan-2-ylpiperazin-1-yl)sulfonylbenzaldehyde		False	S	EGRSAG[SEP]IPGRRS	EGRSAGSIPGRRS	IP	6	177.93511962890625
AGSIP	7NYF	P	45	sigma	4-[(3~{S})-3-oxidanylpiperidin-1-yl]sulfonylbenzaldehyde		False	S	EGRSAG[SEP]IPGRRS	EGRSAGSIPGRRS	IP	6	175.52316284179688
AGSIP	7NYG	P	45	sigma	4-[(2~{S})-2-methylpyrrolidin-1-yl]sulfonylbenzaldehyde		False	S	EGRSAG[SEP]IPGRRS	EGRSAGSIPGRRS	IP	6	169.79380798339844
AGSIP	7NZ6	P	45	sigma	4-[4-(2-methoxyethyl)piperazin-1-yl]sulfonylbenzaldehyde		False	S	EGRSAG[SEP]IPGRRS	EGRSAGSIPGRRS	IP	6	176.40060424804688
AGSIP	7NZG	P	45	sigma	4-(4-methoxypiperidin-1-yl)sulfonylbenzaldehyde		False	S	EGRSAG[SEP]IPGRRS	EGRSAGSIPGRRS	IP	6	174.2737579345703
AGSIP	7NZK	P	45	sigma	4-[(3~{R})-3-methoxypiperidin-1-yl]sulfonylbenzaldehyde		False	S	EGRSAG[SEP]IPGRRS	EGRSAGSIPGRRS	IP	6	174.83934020996094
AGSIP	7NZV	P	45	sigma	4-methanoyl-N-methyl-N-(oxan-4-yl)benzenesulfonamide		False	S	EGRSAG[SEP]IPGRRS	EGRSAGSIPGRRS	IP	6	175.4834747314453
AGSIP	7O34	P	45	sigma	[4-(4-ethylpiperazin-1-yl)sulfonylphenyl]methanol		False	S	EGRSAG[SEP]IPGRRS	EGRSAGSIPGRRS	IP	6	175.88705444335938
AGSIP	7O3A	P	45	sigma	1-[4-(hydroxymethyl)phenyl]sulfonylpiperidin-4-ol		False	S	EGRSAG[SEP]IPGRRS	EGRSAGSIPGRRS	IP	6	174.54013061523438
AGSIP	7O3F	P	45	sigma	1-methyl-4-(4-methylphenyl)sulfonyl-1,4-diazepane		False	S	EGRSAG[SEP]IPGRRS	EGRSAGSIPGRRS	IP	6	176.624267578125
AGSIP	7O3P	P	45	sigma	2-chloranyl-6-methoxy-1-(4-methylphenyl)sulfonyl-benzimidazole		False	S	EGRSAG[SEP]IPGRRS	EGRSAGSIPGRRS	IP	6	182.23292541503906
AGSIP	7O3Q	P	45	sigma	4-methyl-~{N}-(1-methylpyrazol-3-yl)benzenesulfonamide		False	S	EGRSAG[SEP]IPGRRS	EGRSAGSIPGRRS	IP	6	183.63125610351562
AGSIP	7O3R	P	45	sigma	~{N},~{N},4-trimethylbenzenesulfonamide		False	S	EGRSAG[SEP]IPGRRS	EGRSAGSIPGRRS	IP	6	184.21575927734375
AGSIP	7O3S	P	127	sigma	3-methoxy-1-(4-methylphenyl)sulfonyl-azetidine		False	S	EGRSAG[SEP]IPGRRS	EGRSAGSIPGRRS	IP	6	173.2110595703125
AGSIP	7O57	P	45	sigma	3-morpholin-4-yl-4-nitro-benzaldehyde		False	S	EGRSAG[SEP]IPGRRS	EGRSAGSIPGRRS	IP	6	178.58749389648438
AGSIP	7O59	P	45	sigma	4-(6-methoxy-2-methyl-benzimidazol-1-yl)benzaldehyde		False	S	EGRSAG[SEP]IPGRRS	EGRSAGSIPGRRS	IP	6	187.017333984375
AGSIP	7O5A	P	45	sigma	4-(3-methoxyazetidin-1-yl)carbonylbenzaldehyde		False	S	EGRSAG[SEP]IPGRRS	EGRSAGSIPGRRS	IP	6	168.08938598632812
AGSIP	7O5C	P	45	sigma	4-methanoyl-~{N}-(1-methylpyrazol-3-yl)benzamide		False	S	EGRSAG[SEP]IPGRRS	EGRSAGSIPGRRS	IP	6	178.4735107421875
AGSIP	7O5D	P	45	sigma	4-methanoyl-~{N}-[(4-methoxyphenyl)methyl]benzamide		False	S	EGRSAG[SEP]IPGRRS	EGRSAGSIPGRRS	IP	6	170.87608337402344
AGSIP	7O5F	P	45	sigma	4-morpholin-4-ylcarbonylbenzaldehyde		False	S	EGRSAG[SEP]IPGRRS	EGRSAGSIPGRRS	IP	6	179.57801818847656
AGSIP	7O5G	P	45	sigma	4-(4-methanoylphenyl)carbonyl-~{N},~{N}-dimethyl-piperazine-1-carboxamide		False	S	EGRSAG[SEP]IPGRRS	EGRSAGSIPGRRS	IP	6	177.44741821289062
AGSIP	7O5O	P	45	sigma	4-methanoyl-~{N}-[(1-methylpyrazol-4-yl)methyl]benzamide		False	S	EGRSAG[SEP]IPGRRS	EGRSAGSIPGRRS	IP	6	177.1173858642578
AGSIP	7O5P	P	45	sigma	4-methanoyl-~{N}-(oxan-4-ylmethyl)benzamide		False	S	EGRSAG[SEP]IPGRRS	EGRSAGSIPGRRS	IP	6	177.6132049560547
AGSIP	7O5S	P	45	sigma	4-methanoyl-~{N}-[(3-methoxyphenyl)methyl]benzamide		False	S	EGRSAG[SEP]IPGRRS	EGRSAGSIPGRRS	IP	6	169.0924530029297
AGSIP	7O5U	P	45	sigma	4-methanoyl-~{N}-[(1-methylimidazol-2-yl)methyl]benzamide		False	S	EGRSAG[SEP]IPGRRS	EGRSAGSIPGRRS	IP	6	177.9451904296875
AGSIP	7O5X	P	45	sigma	4-(4-methoxypiperidin-1-yl)carbonylbenzaldehyde		False	S	EGRSAG[SEP]IPGRRS	EGRSAGSIPGRRS	IP	6	177.85415649414062
AGSIP	7O6F	P	45	sigma	4-[4-(2-hydroxyethyl)piperidin-1-yl]carbonylbenzaldehyde		False	S	EGRSAG[SEP]IPGRRS	EGRSAGSIPGRRS	IP	6	179.91152954101562
AGSIP	7O6G	P	45	sigma	4-[(3~{R})-3-oxidanylpiperidin-1-yl]carbonylbenzaldehyde		False	S	EGRSAG[SEP]IPGRRS	EGRSAGSIPGRRS	IP	6	179.0326690673828
AGSIP	7O6I	P	45	sigma			False	S	EGRSAG[SEP]IPGRRS	EGRSAGSIPGRRS	IP	6	179.30592346191406
AGSIP	7O6J	P	45	sigma	(5-methanoyl-2-nitro-phenyl) 2-(3-methoxyphenyl)ethanoate		False	S	EGRSAG[SEP]IPGRRS	EGRSAGSIPGRRS	IP	6	178.37646484375
AGSIP	7O6K	P	45	sigma	(5-methanoyl-2-nitro-phenyl) 3-chloranylbenzoate		False	S	EGRSAG[SEP]IPGRRS	EGRSAGSIPGRRS	IP	6	181.5015411376953
AGSIP	7O6M	P	45	sigma	(5-methanoyl-2-nitro-phenyl) 1-methylpyrazole-4-sulfonate		False	S	EGRSAG[SEP]IPGRRS	EGRSAGSIPGRRS	IP	6	179.77793884277344
AGSIP	7O6O	P	45	sigma	(5-methanoyl-2-nitro-phenyl) propane-2-sulfonate		False	S	EGRSAG[SEP]IPGRRS	EGRSAGSIPGRRS	IP	6	180.00001525878906
SASLP	6ZCJ	P	376	sigma			False	S	FPQSA[SEP]LPPY	FPQSASLPPY	LP	5	179.1836395263672
SHSMP	7B13	P	542	sigma			False	S	ASH[SEP]MPSAAC	ASHSMPSAAC	MP	3	179.28700256347656
STSTP	3CU8	P	259	zeta,delta			False	S	RST[SEP]TPNVH	RSTSTPNVH	TP	3	177.17713928222656
STSTP	3CU8	Q	259	zeta,delta			False	S	RST[SEP]TPNVH	RSTSTPNVH	TP	3	178.0693359375
STSTP	3O8I	B	259	sigma	6,6-dihydroxy-1-methoxyhexan-2-one		False	S	QRST[SEP]TPNVH	QRSTSTPNVH	TP	4	179.25927734375
STSTP	8A68	B	259	sigma			False	S	QRST[SEP]TPNV	QRSTSTPNV	TP	4	176.8874969482422
STSTP	8A6F	P	259	sigma			False	S	QRST[SEP]TPNVH	QRSTSTPNVH	TP	4	179.03753662109375
STSTP	8A6H	P	259	sigma			False	S	QRST[SEP]TPNVH	QRSTSTPNVH	TP	4	178.78872680664062
STSTP	8ATR	P	259	alpha,sigma	2-chloranyl-~{N}-[[1-[1-(4-chloranylphenoxy)cyclopentyl]carbonylpiperidin-4-yl]methyl]ethanamide		False	S	QRST[SEP]TPNV	QRSTSTPNV	TP	4	179.17433166503906
STSTP	8ATS	P	259	alpha,sigma	2-chloranyl-~{N}-[[1-[1-[(4-chlorophenyl)amino]cyclopentyl]carbonylpiperidin-4-yl]methyl]ethanamide		False	S	QRST[SEP]TPNV	QRSTSTPNV	TP	4	179.66079711914062
STSTP	8AV0	P	259	sigma			False	S	RST[SEP]TPNVA	RSTSTPNVA	TP	3	177.07705688476562
STSTP	3IQJ	P	259	sigma			False	S	QRST[SEP]TPNVH	QRSTSTPNVH	TP	4	179.60287475585938
STSTP	4FJ3	P	259	sigma			False	S	QHRY[SEP]TPHAFTFNTSSPSSEGSLSQRQRST[SEP]TPNVH	QHRYSTPHAFTFNTSSPSSEGSLSQRQRSTSTPNVH	TP	30	174.26242065429688
STSTP	4IHL	P	259	zeta			False	S	QHRY[SEP]TPHAFTFNTSSPSSEGSLSQRQRST[SEP]TPNVH	QHRYSTPHAFTFNTSSPSSEGSLSQRQRSTSTPNVH	TP	30	188.73123168945312
STSTP	3NKX	P	259	sigma			False	S	QRST[SEP]TPNVH	QRSTSTPNVH	TP	4	177.28610229492188
STSTP	3NKX	Q	259	sigma			False	S	QRST[SEP]TPNVH	QRSTSTPNVH	TP	4	177.93482971191406
AHSSP	3MHR	P	127	sigma			False	S	RAH[SEP]SPASLQ	RAHSSPASLQ	SP	3	163.6953125
HKSDS	6YR6	B	186	sigma			False	S	QRKRHK[SEP]DSISLS	QRKRHKSDSISLS	DS	6	184.58966064453125
HKSDS	6YR6	D	186	sigma			False	S	QRKRHK[SEP]DSISLS	QRKRHKSDSISLS	DS	6	182.2145233154297
HKSDS	6YR6	F	186	sigma			False	S	QRKRHK[SEP]DSISLS	QRKRHKSDSISLS	DS	6	188.60545349121094
HKSDS	6YR6	H	186	sigma			False	S	QRKRHK[SEP]DSISLS	QRKRHKSDSISLS	DS	6	177.1393280029297
PRSLE	8C28	CCC	242	sigma			False	S	RNA[SEP]SAGRLQGLAGGAPGQKECRPFEVYLPSGKMRPR[SEP]LEVTIS	RNASSAGRLQGLAGGAPGQKECRPFEVYLPSGKMRPRSLEVTIS	LE	37	175.91552734375
PRSLE	8C28	DDD	242	sigma			False	S	RNA[SEP]SAGRLQGLAGGAPGQKECRPFEVYLPSGKMRPR[SEP]LEVTIS	RNASSAGRLQGLAGGAPGQKECRPFEVYLPSGKMRPRSLEVTIS	LE	37	184.01467895507812
PRSLE	8C2Y	P	242	sigma			False	S	KMRPR[SEP]LEVTIS	KMRPRSLEVTIS	LE	5	179.2459259033203
PRSLE	8C30	PPP	242	sigma	3,6,9,12,15,18,21,24-OCTAOXAHEXACOSAN-1-OL		False	S	KMRPR[SEP]LEVTIS	KMRPRSLEVTIS	LE	5	183.73951721191406
NASSA	8C28	PPP	208	sigma			False	S	RNA[SEP]SAGRLQGLAGGAPGQKECRPFEVYLPSGKMRPR[SEP]LEVTIS	RNASSAGRLQGLAGGAPGQKECRPFEVYLPSGKMRPRSLEVTIS	SA	3	171.2058563232422
NASSA	8C2D	PPP	208	sigma			False	S	RLRRNA[SEP]SAGRLQGLAGGA	RLRRNASSAGRLQGLAGGA	SA	6	170.06768798828125
TPSLP	5HF3	B	5	sigma			False	S	RTP[SEP]LPT	RTPSLPT	LP	3	174.9558563232422
TPSLP	6FI4	B	5	sigma	(2~{S})-2-(diphenylmethyl)pyrrolidine		False	S	P[SEP]LP[DVA]	PSLPV	LP	1	174.2290802001953
TPSLP	6FI5	B	5	sigma	(2~{S})-2-(diphenylmethyl)pyrrolidine		False	S	TP[SEP]LP[DAL]	TPSLPA	LP	2	178.00953674316406
TPSLP	6FBW	B	5	sigma	(2~{R})-2-[(~{S})-(3-methoxyphenyl)-phenyl-methyl]pyrrolidine		False	S	RTP[SEP]LPG	RTPSLPG	LP	3	183.93003845214844
TPSLP	6FBW	D	5	sigma	(2~{R})-2-[(~{S})-(3-methoxyphenyl)-phenyl-methyl]pyrrolidine		False	S	RTP[SEP]LPG	RTPSLPG	LP	3	185.7620849609375
TPSLP	4FL5	P	214	sigma			False	S	SRTP[SEP]LPTPP	SRTPSLPTPP	LP	4	186.94076538085938
TPSLP	4FL5	Q	214	sigma			False	S	SRTP[SEP]LPTPP	SRTPSLPTPP	LP	4	176.18515014648438
TPSLP	4Y32	C	214	sigma	(2S)-2-(2-methoxyethyl)pyrrolidine		False	S	RTP[SEP]LPT	RTPSLPT	LP	3	181.12709045410156
TPSLP	4Y32	D	214	sigma	(2S)-2-(2-methoxyethyl)pyrrolidine		False	S	RTP[SEP]LPT	RTPSLPT	LP	3	177.12533569335938
TPSLP	4Y5I	F	5	sigma			False	S	RTP[SEP]LPT	RTPSLPT	LP	3	182.53643798828125
TPSLP	6FAU	B	5	sigma	(2~{R})-2-[(~{R})-(2-methoxyphenyl)-phenyl-methyl]pyrrolidine		False	S	RTP[SEP]LPG	RTPSLPG	LP	3	183.98284912109375
TPSLP	6FAU	D	5	sigma	(2~{R})-2-[(~{R})-(2-methoxyphenyl)-phenyl-methyl]pyrrolidine		False	S	TP[SEP]LPG	TPSLPG	LP	2	183.25816345214844
TPSLP	6FAV	B	5	sigma	(2~{R})-2-[(~{R})-(3-methoxyphenyl)-phenyl-methyl]pyrrolidine		False	S	RTP[SEP]LPG	RTPSLPG	LP	3	183.18714904785156
TPSLP	6FAV	D	5	sigma	(2~{R})-2-[(~{R})-(3-methoxyphenyl)-phenyl-methyl]pyrrolidine		False	S	TP[SEP]LPG	TPSLPG	LP	2	185.82736206054688
TPSLP	6FAW	B	5	sigma	(2~{R})-2-[(~{R})-[2-(2-methoxyethoxy)phenyl]-phenyl-methyl]pyrrolidine		False	S	RTP[SEP]LPG	RTPSLPG	LP	3	184.5369415283203
TPSLP	6FAW	D	5	sigma	(2~{R})-2-[(~{R})-[2-(2-methoxyethoxy)phenyl]-phenyl-methyl]pyrrolidine		False	S	TP[SEP]LPG	TPSLPG	LP	2	184.6042022705078
TPSLP	6FBY	B	5	sigma	(2~{R})-2-[(~{S})-(3-methylphenyl)-phenyl-methyl]pyrrolidine		False	S	RTP[SEP]LPG	RTPSLPG	LP	3	183.33982849121094
TPSLP	6FBY	D	5	sigma	(2~{R})-2-[(~{S})-(3-methylphenyl)-phenyl-methyl]pyrrolidine		False	S	TP[SEP]LPG	TPSLPG	LP	2	183.10040283203125
TPSLP	4Y3B	C	214	sigma	(2S)-2-(2-methoxyethyl)pyrrolidine		False	S	RTP[SEP]LPT	RTPSLPT	LP	3	183.24710083007812
TPSLP	4Y3B	D	214	sigma	(2S)-2-(2-methoxyethyl)pyrrolidine		False	S	RTP[SEP]LPT	RTPSLPT	LP	3	180.8924102783203
SSSMA	6BD1	C	366	theta			False	S	TLPRSS[SEP]MAAGLEK	TLPRSSSMAAGLEK	MA	6	178.64044189453125
SSSMA	6BD1	D	366	theta			False	S	TLPRSS[SEP]MAAGLEK	TLPRSSSMAAGLEK	MA	6	179.5706787109375
SSSMA	6BD1	G	366	theta			False	S	TLPRSS[SEP]MAAGLEK	TLPRSSSMAAGLEK	MA	6	181.0503387451172
SSSMA	6BD1	H	366	theta			False	S	TLPRSS[SEP]MAAGLEK	TLPRSSSMAAGLEK	MA	6	185.20924377441406
RWSAP	6QIU	P	776	sigma			False	S	KRRW[SEP]APESR	KRRWSAPESR	AP	4	177.34457397460938
AASMD	6QZS	P	256	sigma			False	S	RRRAA[SEP]MDNNSK	RRRAASMDNNSK	MD	5	205.86427307128906
AASMD	6QZS	C	256	sigma			False	S	RRRAA[SEP]MDNNSK	RRRAASMDNNSK	MD	5	171.3799591064453
HSSPA	7O07	P	4	sigma			False	S	[ACY]RAH[SEP]SPA[UXQ]LQ	RAHSSPAXLQ	SP	4	166.3755340576172
HSSPA	6G8I	P	127	alpha,eta			False	S	[ACE][TSA]AH[SEP]SPASLQ	XAHSSPASLQ	SP	4	165.12823486328125
HSSPA	6G8J	P	127	alpha,eta			False	S	[ACE]RAH[SEP]SP[B3A]SLQ	RAHSSPASLQ	SP	4	176.41319274902344
HSSPA	6G8K	P	127	alpha,eta			False	S	[ACE]RAH[SEP]SPA[BSE]LQ	RAHSSPASLQ	SP	4	177.69224548339844
HSSPA	6G8L	P	127	alpha,eta			False	S	[ACE]RAH[SEP]SPAS[B3L]Q	RAHSSPASLQ	SP	4	165.586181640625
HSSPA	6G8Q	P	127	alpha,eta			False	S	[ACE]RAH[SEP]SP[B3A]SL[B3Q]	RAHSSPASLX	SP	4	177.20437622070312
YPSAE	4DAT	B	446	sigma			False	S	SSFYP[SEP]AEG	SSFYPSAEG	AE	5	171.19395446777344
AMSFQ	4DAU	B	10	sigma			False	S	MVSVEGRAM[SEP]FQS	MVSVEGRAMSFQS	FQ	9	192.81442260742188
SASLS	4WRQ	C	20	zeta			False	S	KTPPRKSA[SEP]LSNLHSLDR	KTPPRKSASLSNLHSLDR	LS	8	174.9312744140625
SASLS	4WRQ	D	20	zeta			False	S	KTPPRKSA[SEP]LSNLHSLDR	KTPPRKSASLSNLHSLDR	LS	8	174.0708465576172
YKSIL	4HKC	B	1011	zeta			False	S	GFFKRQYK[SEP]ILQEENRRDSWSYINSKSNDD	GFFKRQYKSILQEENRRDSWSYINSKSNDD	IL	8	182.12356567382812
SSSCP	6A5S	E	6	gamma			False	S	LVGVTSS[SEP]CPADLTQ	LVGVTSSSCPADLTQ	CP	7	169.05914306640625
SSSCP	6A5S	C	6	gamma			False	S	LVGVTSS[SEP]CPADLTQ	LVGVTSSSCPADLTQ	CP	7	169.16574096679688
SSSCP	6A5S	F	6	gamma			False	S	LVGVTSS[SEP]CPADLTQ	LVGVTSSSCPADLTQ	CP	7	166.46018981933594
SSSCP	6A5S	H	6	gamma			False	S	LVGVTSS[SEP]CPADLTQ	LVGVTSSSCPADLTQ	CP	7	167.0798797607422
SSSCP	6A5Q	D	6	alpha,beta/alpha			False	S	LVGVTSS[SEP]CPADLTQ	LVGVTSSSCPADLTQ	CP	7	168.46775817871094
SSSCP	6A5Q	E	6	alpha,beta/alpha			False	S	LVGVTSS[SEP]CPADLTQ	LVGVTSSSCPADLTQ	CP	7	171.35426330566406
SSSCP	6A5Q	F	6	alpha,beta/alpha			False	S	LVGVTSS[SEP]CPADLTQ	LVGVTSSSCPADLTQ	CP	7	169.7123260498047
ANSSP	6XWD	P	43	sigma			False	S	NKNAN[SEP]SPV	NKNANSSPV	SP	5	178.35586547851562
ANSSP	7AEW	CCC	43	sigma			False	S	EKNKNAN[SEP]SPVASTTPSASATTNPASA[TPO]TLDQSKAWNR	EKNKNANSSPVASTTPSASATTNPASATTLDQSKAWNR	SP	7	182.61314392089844
RKSCQ	6XXC	B	179	sigma	~{N}-methyl-~{N}-(2-sulfanylethyl)benzamide		False	S	KRRRK[SEP]CQA	KRRRKSCQA	CQ	5	182.57131958007812
RKSCQ	6XY5	B	179	sigma	3-bromanyl-~{N}-methyl-~{N}-(2-sulfanylethyl)benzamide		False	S	KRRRK[SEP]CQA	KRRRKSCQA	CQ	5	183.04452514648438
RKSCQ	6Y18	B	179	sigma	4-fluoranyl-~{N}-methyl-~{N}-(2-sulfanylethyl)benzamide		False	S	KRRRK[SEP]CQA	KRRRKSCQA	CQ	5	180.85247802734375
RKSCQ	6Y1D	B	179	sigma			False	S	KRRRK[SEP]CQA	KRRRKSCQA	CQ	5	177.3459014892578
RKSCQ	6Y3W	B	179	sigma	3-fluoranyl-~{N}-methyl-~{N}-(2-sulfanylethyl)benzamide		False	S	KRRRK[SEP]CQA	KRRRKSCQA	CQ	5	188.16650390625
RKSCQ	8B2I	B	179	gamma	4-methanoyl-~{N}-methyl-~{N}-(2-sulfanylethyl)benzamide		False	S	KRRRK[SEP]CQA	KRRRKSCQA	CQ	5	185.03765869140625
RKSCQ	8B5P	B	179	gamma	3-bromanyl-5-methanoyl-~{N}-methyl-~{N}-(2-sulfanylethyl)benzamide		False	S	KRRRK[SEP]CQA	KRRRKSCQA	CQ	5	183.26861572265625
RKSCQ	8B4Q	B	179	gamma	3-fluoranyl-4-methanoyl-~{N}-methyl-~{N}-(2-sulfanylethyl)benzamide		False	S	KRRRK[SEP]CQA[NH2]	KRRRKSCQA	CQ	5	186.01248168945312
RKSCQ	8BJG	B	179	gamma	3-methanoyl-~{N}-methyl-~{N}-(2-sulfanylethyl)benzamide		False	S	KRRRK[SEP]CQA	KRRRKSCQA	CQ	5	180.44056701660156
RKSCQ	8BJN	B	179	gamma	3-bromanyl-4-methanoyl-~{N}-methyl-~{N}-(2-sulfanylethyl)benzamide		False	S	KRRRK[SEP]CQA	KRRRKSCQA	CQ	5	185.09146118164062
RKSCQ	8BM5	B	179	gamma	4-methanoyl-~{N}-methyl-~{N}-(2-sulfanylethyl)benzenesulfonamide		False	S	KRRRK[SEP]CQA	KRRRKSCQA	CQ	5	183.8352813720703
SLSFE	6Y58	P	319	sigma			False	S	VYRSL[SEP]FE	VYRSLSFE	FE	5	189.150390625
SLSER	7NMA	P	175	sigma			False	S	GHVRSL[SEP]ERLMQM	GHVRSLSERLMQM	ER	6	177.3922576904297
SLSER	7NMW	P	175	sigma	5-(2-azanylethyl)-4-phenyl-thiophene-2-carboximidamide		False	S	GHVRSL[SEP]ERLMQM	GHVRSLSERLMQM	ER	6	175.7632598876953
SLSER	7NMX	P	175	sigma	~{N}-(2-azanylethyl)-2-carbamimidoyl-7-methoxy-1-benzothiophene-4-carboxamide		False	S	GHVRSL[SEP]ERLMQM	GHVRSLSERLMQM	ER	6	180.93836975097656
SLSER	7NN2	P	175	sigma	7-(6-azanyl-5-methyl-pyridin-2-yl)-1-benzothiophene-2-carboximidamide		False	S	GHVRSL[SEP]ERLMQM	GHVRSLSERLMQM	ER	6	181.89527893066406
SLSER	7NND	P	175	sigma	5-[1-(2-azanylethyl)imidazol-4-yl]-4-phenyl-thiophene-2-carboximidamide		False	S	GHVRSL[SEP]ERLMQM	GHVRSLSERLMQM	ER	6	181.13314819335938
SLSER	7NNE	P	175	sigma	5-[3-(2-azanylethyl)imidazol-4-yl]-4-phenyl-thiophene-2-carboximidamide		False	S	GVRSL[SEP]ERLMM	GVRSLSERLMM	ER	5	178.02879333496094
SLSER	7NP2	P	175	sigma			False	S	GHVRSL[SEP]ERLMQMSLATSGV	GHVRSLSERLMQMSLATSGV	ER	6	177.45838928222656
SLSER	7NPB	P	175	sigma	5-[1-(2-azanylethyl)imidazol-4-yl]-4-phenyl-thiophene-2-carboximidamide		False	S	GHVRSL[SEP]ERLMQMSLATSGV	GHVRSLSERLMQMSLATSGV	ER	6	182.16346740722656
SLSER	7NPG	P	175	sigma	5-[3-(2-azanylethyl)imidazol-4-yl]-4-phenyl-thiophene-2-carboximidamide		False	S	GHVRSL[SEP]ERLMQMSLATSGV	GHVRSLSERLMQMSLATSGV	ER	6	177.23912048339844
SLSER	7OQG	P	175	sigma	~{N}-[(5-carbamimidoyl-3-phenyl-thiophen-2-yl)methyl]-2,3-dihydro-1-benzofuran-5-carboxamide		False	S	GHVRSL[SEP]ERLMQM	GHVRSLSERLMQM	ER	6	186.73019409179688
SLSER	7OQJ	P	175	sigma	~{N}-[(5-carbamimidoyl-3-phenyl-thiophen-2-yl)methyl]-2,3-dihydro-1-benzofuran-7-carboxamide		False	S	GHVRSL[SEP]ERLMQM	GHVRSLSERLMQM	ER	6	181.7430419921875
SLSER	7OQS	P	175	sigma	2-(1,3-benzodioxol-5-yl)-~{N}-[(5-carbamimidoyl-3-phenyl-thiophen-2-yl)methyl]ethanamide		False	S	GHVRSL[SEP]ERLMQM	GHVRSLSERLMQM	ER	6	178.48806762695312
SLSER	7OQU	P	175	sigma			False	S	GHVRSL[SEP]ERLMQM	GHVRSLSERLMQM	ER	6	165.85638427734375
SLSER	7OQW	P	175	sigma	~{N}-[(5-carbamimidoyl-3-phenyl-thiophen-2-yl)methyl]-1~{H}-indole-6-carboxamide		False	S	GHVRSL[SEP]ERLMQM	GHVRSLSERLMQM	ER	6	186.08270263671875
RKSTG	2C1N	C	10	unknown			False	S	ARK[SEP]TGGK	ARKSTGGK	TG	3	188.34605407714844
RKSTG	2C1N	E	10	unknown			False	S	ARK[SEP]TGGK	ARKSTGGK	TG	3	178.4644317626953
SFSEP	3UAL	P	38	epsilon			False	S	MIRSF[SEP]EPFGRDLL	MIRSFSEPFGRDLL	EP	5	187.457275390625
SFSEP	3UBW	P	34	epsilon			False	S	MIRSF[SEP]EPFGRDLL	MIRSFSEPFGRDLL	EP	5	187.47967529296875
SFSEP	6Y8E	P	32	sigma			False	S	RSF[SEP]EPFG	RSFSEPFG	EP	3	182.90298461914062
GSLG	5BTV	P	324	sigma			False	S	G[SEP]LG	GSLG	LG	1	185.68411254882812
SRSSL	6FCP	P	1242	sigma			False	S	AGPVHVRSR[SEP]SLATA	AGPVHVRSRSSLATA	SL	9	181.74383544921875
SSSCG	8ANB	P	670	sigma			False	S	VLSSS[SEP]CGSNS	VLSSSSCGSNS	CG	5	177.50244140625
FKTEG	6R5L	P	387	sigma	4-[[(2~{S})-1-azanylpropan-2-yl]amino]-6-(sulfanylmethyl)-1-benzothiophene-2-carboximidamide		False	T	KLMFK[TPO]EGPDSD	KLMFKTEGPDSD	EG	5	167.7175750732422
FKTEG	6S3C	P	387	sigma	4-phenyl-5-(piperidin-4-ylmethyl)thiophene-2-carboximidamide		False	T	KLMFK[TPO]EGPDSD	KLMFKTEGPDSD	EG	5	163.302978515625
FKTEG	6S40	P	387	sigma	4-chloranyl-1-benzothiophene-2-carboximidamide		False	T	KLMFK[TPO]EGPDSD	KLMFKTEGPDSD	EG	5	161.5295867919922
FKTEG	5MOC	P	387	sigma			False	T	KLMFK[TPO]EGPDSD	KLMFKTEGPDSD	EG	5	165.2735595703125
FKTEG	5MHC	P	387	sigma			False	T	KLMFK[TPO]EGPDSD	KLMFKTEGPDSD	EG	5	167.74644470214844
FKTEG	6RJZ	P	387	sigma	7-(6-azanylpyridin-2-yl)-1-benzothiophene-2-carboximidamide		False	T	KLMFK[TPO]EGPDSD	KLMFKTEGPDSD	EG	5	164.76611328125
FKTEG	6RK8	P	387	sigma	7-(3-azanyl-4-methyl-pyrazol-1-yl)-1-benzothiophene-2-carboximidamide		False	T	KLMFK[TPO]EGPDSD	KLMFKTEGPDSD	EG	5	168.48428344726562
FKTEG	6RKI	P	387	sigma	5-[(3-aminophenyl)amino]-4-phenyl-thiophene-2-carboximidamide		False	T	KLMFK[TPO]EGPDSD	KLMFKTEGPDSD	EG	5	161.75729370117188
FKTEG	6RKK	P	387	sigma	4-phenyl-5-(phenylmethyl)thiophene-2-carboximidamide		False	T	KLMFK[TPO]EGPDSD	KLMFKTEGPDSD	EG	5	169.10928344726562
FKTEG	6RKM	P	387	sigma	4-phenyl-5-phenylazanyl-thiophene-2-carboximidamide		False	T	KLMFK[TPO]EGPDSD	KLMFKTEGPDSD	EG	5	166.32601928710938
FKTEG	6RL3	P	387	sigma	5-azanyl-4-phenyl-thiophene-2-carboximidamide		False	T	KLMFK[TPO]EGPDSD	KLMFKTEGPDSD	EG	5	167.1143798828125
FKTEG	6RL4	P	387	sigma	5-[1-(2-azanylethyl)imidazol-4-yl]-4-phenyl-thiophene-2-carboximidamide		False	T	KLMFK[TPO]EGPDSD	KLMFKTEGPDSD	EG	5	165.46258544921875
FKTEG	6RL6	P	387	sigma	~{N}-(2-azanylethyl)-2-carbamimidoyl-7-methoxy-1-benzothiophene-4-carboxamide		False	T	KLMFK[TPO]EGPDSD	KLMFKTEGPDSD	EG	5	167.4047393798828
FKTEG	6RM5	P	387	sigma	7-(6-azanyl-5-methyl-pyridin-2-yl)-1-benzothiophene-2-carboximidamide		False	T	KLMFK[TPO]EGPDSD	KLMFKTEGPDSD	EG	5	172.37158203125
FKTEG	6RM7	P	387	sigma	5-[3-(2-azanylethyl)imidazol-4-yl]-4-phenyl-thiophene-2-carboximidamide		False	T	KLMFK[TPO]EGPDSD	KLMFKTEGPDSD	EG	5	164.94883728027344
FKTEG	6RWH	P	387	sigma	5-(1~{H}-imidazol-5-yl)-4-phenyl-thiophene-2-carboximidamide		False	T	KLMFK[TPO]EGPDSD	KLMFKTEGPDSD	EG	5	178.17770385742188
FKTEG	6RWI	P	387	sigma	5-phenylthiophene-2-carboximidamide		False	T	KLMFK[TPO]EGPDSD	KLMFKTEGPDSD	EG	5	164.33367919921875
FKTEG	6RWS	P	387	sigma	4-chloranyl-6-(sulfanylmethyl)-1-benzothiophene-2-carboximidamide		False	T	KLMFK[TPO]EGPDSD	KLMFKTEGPDSD	EG	5	172.5212860107422
FKTEG	6RWU	P	387	sigma	~{N}-[3-(5-carbamimidoylthiophen-3-yl)phenyl]propanamide		False	T	KLMFK[TPO]EGPDSD	KLMFKTEGPDSD	EG	5	172.5374298095703
FKTEG	6RX2	P	387	sigma	7-[[(2~{S})-1-azanylpropan-2-yl]amino]-1-benzothiophene-2-carboximidamide		False	T	KLMFK[TPO]EGPDSD	KLMFKTEGPDSD	EG	5	161.34056091308594
FKTEG	6S9Q	P	387	sigma	4-methyl-5-phenyl-thiophene-2-carboximidamide		False	T	KLMFK[TPO]EGPDSD	KLMFKTEGPDSD	EG	5	168.653076171875
FKTEG	6SIN	P	387	sigma	~{N}-[2-(5-carbamimidoylthiophen-3-yl)phenyl]prop-2-enamide		False	T	KLMFK[TPO]EGPDSD	KLMFKTEGPDSD	EG	5	170.9423370361328
FKTEG	6SIO	P	387	sigma	5-methyl-4-phenyl-thiophene-2-carboximidamide		False	T	KLMFK[TPO]EGPDSD	KLMFKTEGPDSD	EG	5	168.5820770263672
FKTEG	6SIP	P	387	sigma	7-methoxy-1-benzothiophene-2-carboximidamide		False	T	KLMFK[TPO]EGPDSD	KLMFKTEGPDSD	EG	5	168.82606506347656
FKTEG	6SIQ	P	387	sigma	4-chloranyl-7-propan-2-yloxy-1-benzothiophene-2-carboximidamide		False	T	KLMFK[TPO]EGPDSD	KLMFKTEGPDSD	EG	5	167.4924774169922
FKTEG	6SLV	P	387	sigma	4-(methylamino)-7-propan-2-yloxy-1-benzothiophene-2-carboximidamide		False	T	KLMFK[TPO]EGPDSD	KLMFKTEGPDSD	EG	5	168.23387145996094
FKTEG	6S39	P	387	sigma	5-(3-azanylpropyl)-4-phenyl-thiophene-2-carboximidamide		False	T	KLMFK[TPO]EGPDSD	KLMFKTEGPDSD	EG	5	168.6102294921875
FKTEG	3LW1	P	387	sigma			False	T	FK[TPO]EGPDSD	FKTEGPDSD	EG	2	166.12515258789062
PDTEP	7B15	P	869	sigma			False	T	DRPD[TPO]EPEP	DRPDTEPEP	EP	4	179.12374877929688
PESAP	6Y44	P	127	sigma			False	S	PRRRPE[SEP]APAESS	PRRRPESAPAESS	AP	6	168.415283203125
PESAP	6F08	D	7	zeta			False	S	PRRRPE[SEP]APAESS	PRRRPESAPAESS	AP	6	168.79794311523438
PESAP	6F08	K	7	zeta			False	S	PRRRPE[SEP]APAESS	PRRRPESAPAESS	AP	6	172.3001251220703
PESAP	6F08	N	7	zeta			False	S	PRRRPE[SEP]APAESS	PRRRPESAPAESS	AP	6	172.19143676757812
PESAP	6F08	Q	7	zeta			False	S	PRRRPE[SEP]APAESS	PRRRPESAPAESS	AP	6	172.62705993652344
SPSLP	3UZD	B	8	gamma			False	S	LPLYTSP[SEP]LPNITLGLP	LPLYTSPSLPNITLGLP	LP	7	165.36448669433594
DLSLP	6Y8B	P	139	sigma			False	S	YDL[SEP]LPFP	YDLSLPFP	LP	3	182.49191284179688
DLSLP	6S9K	B	139	gamma			False	S	DYDL[SEP]LPFPVCESCPLYKKLRLSTDTVEH[SEP]LDNK	DYDLSLPFPVCESCPLYKKLRLSTDTVEHSLDNK	LP	4	188.1529998779297
RNSTP	7QIK	E	197	sigma			False	S	SSRN[SEP]TPG	SSRNSTPG	TP	4	180.8494873046875
RNSTP	7QIK	F	197	sigma			False	S	SSRN[SEP]TPG	SSRNSTPG	TP	4	181.600830078125
RNSTP	7ZIT	C	197	zeta,delta			False	S	SRN[SEP]TPG	SRNSTPG	TP	3	174.83358764648438
RNSTP	7ZIT	D	197	zeta,delta			False	S	SRN[SEP]TPG	SRNSTPG	TP	3	175.36700439453125
SASCP	8C2E	P	89	sigma	ethyl 3-bromanyl-2-methyl-propanoate		False	S	RSA[SEP]CPSL	RSASCPSL	CP	3	184.9756317138672
SNSIS	5MYC	P	373	sigma			False	S	VKKKSN[SEP]ISVGEFYRDAVLQRCSPNLQRHSN[SEP]LGPIFD	VKKKSNSISVGEFYRDAVLQRCSPNLQRHSNSLGPIFD	IS	6	169.3750457763672
RFSAG	7OR3	B	1917	sigma	~{N}-[(5-carbamimidoyl-3-phenyl-thiophen-2-yl)methyl]-2,3-dihydro-1-benzofuran-5-carboxamide		False	S	RGRRF[SEP]AGMRG	RGRRFSAGMRG	AG	5	181.63648986816406
RFSAG	7OR5	B	1917	sigma	~{N}-[(5-carbamimidoyl-3-phenyl-thiophen-2-yl)methyl]-2,3-dihydro-1-benzofuran-7-carboxamide		False	S	RGRRF[SEP]AGMRG	RGRRFSAGMRG	AG	5	183.10096740722656
RFSAG	7OR7	B	1917	sigma	~{N}-[(5-carbamimidoyl-3-phenyl-thiophen-2-yl)methyl]-1~{H}-indole-6-carboxamide		False	S	RGRRF[SEP]AGMRG	RGRRFSAGMRG	AG	5	187.30921936035156
ARSKV	4O46	G	228	gamma			False	S	PKQKRKMARTAR[SEP]KV	PKQKRKMARTARSKV	KV	12	179.65908813476562
ARSKV	4O46	H	228	gamma			False	S	PKQKRKMARTAR[SEP]KV	PKQKRKMARTARSKV	KV	12	180.03956604003906
ARSKV	4O46	I	228	gamma			False	S	PKQKRKMARTAR[SEP]KV	PKQKRKMARTARSKV	KV	12	179.63096618652344
ARSKV	4O46	J	228	gamma			False	S	PKQKRKMARTAR[SEP]KV	PKQKRKMARTARSKV	KV	12	179.81761169433594
ARSKV	4O46	K	228	gamma			False	S	PKQKRKMARTAR[SEP]KV	PKQKRKMARTARSKV	KV	12	179.53521728515625
AHSCP	8C2F	P	89	sigma	ethyl 3-bromanyl-2-methyl-propanoate		False	S	RAH[SEP]CPASLQ	RAHSCPASLQ	CP	3	177.88429260253906
SCSVT	7NMZ	C	342	eta			False	S	GAMGSSRLRSC[SEP]VTDAVAEQGHLPPPSAPAGRARSSAVTGGEEPTPSVAYVHTTPGLPSGWEERKDAKGRTYYVNHNNRTTTWTRPIMQLAEDGASGSATNSNNHLIEPQIRRPRSL[SEP]SPTVTLS	GAMGSSRLRSCSVTDAVAEQGHLPPPSAPAGRARSSAVTGGEEPTPSVAYVHTTPGLPSGWEERKDAKGRTYYVNHNNRTTTWTRPIMQLAEDGASGSATNSNNHLIEPQIRRPRSLSSPTVTLS	VT	11	181.53875732421875
SCSVT	6ZBT	E	342	gamma			False	S	LRSC[SEP]VTDAV	LRSCSVTDAV	VT	4	183.7692108154297
SCSVT	6ZBT	F	342	gamma			False	S	LRSC[SEP]VTDAV	LRSCSVTDAV	VT	4	179.9515380859375
SCSVT	6ZBT	G	342	gamma			False	S	LRSC[SEP]VTDAV	LRSCSVTDAV	VT	4	183.71800231933594
SCSVT	6ZBT	H	342	gamma			False	S	LRSC[SEP]VTDAV	LRSCSVTDAV	VT	4	181.4347686767578
SLSSP	7NMZ	C	448	eta			False	S	GAMGSSRLRSC[SEP]VTDAVAEQGHLPPPSAPAGRARSSAVTGGEEPTPSVAYVHTTPGLPSGWEERKDAKGRTYYVNHNNRTTTWTRPIMQLAEDGASGSATNSNNHLIEPQIRRPRSL[SEP]SPTVTLS	GAMGSSRLRSCSVTDAVAEQGHLPPPSAPAGRARSSAVTGGEEPTPSVAYVHTTPGLPSGWEERKDAKGRTYYVNHNNRTTTWTRPIMQLAEDGASGSATNSNNHLIEPQIRRPRSLSSPTVTLS	SP	117	174.04673767089844
SLSSP	6ZC9	E	448	gamma			False	S	PRSL[SEP]SPTVT	PRSLSSPTVT	SP	4	178.98143005371094
SLSSP	6ZC9	H	448	gamma			False	S	PRSL[SEP]SPTVT	PRSLSSPTVT	SP	4	180.0766143798828
PRSCT	8A62	B	22	sigma			False	S	PR[SEP][CSO][TPO]WPLPR	PRSCTWPLPR	CT	2	167.24649047851562
RETQV	6ZFD	A	238	zeta,delta			False	T	GPHMDKNELVQKAKLAEQAERYDDMAACMKSVTEQGAELSNEERNLLSVAYKNVVGARRSAWRVVSSIEQKTEGAAAAQQMAREYREKIETELRDICNDVLSLLEKFLIPNASQAESKVFYLKMKGDYYRYLAEVAAGDDKKGIVDQSQQAYQEAFEISAAAMQPTHPIRLGLALNFSVFYYEILNSPEKACSLAKTAFDEAIAELDTLSEESYKDSTLIMQLLRDNLTLWTGGGGRRRE[TPO]QV	GPHMDKNELVQKAKLAEQAERYDDMAACMKSVTEQGAELSNEERNLLSVAYKNVVGARRSAWRVVSSIEQKTEGAAAAQQMAREYREKIETELRDICNDVLSLLEKFLIPNASQAESKVFYLKMKGDYYRYLAEVAAGDDKKGIVDQSQQAYQEAFEISAAAMQPTHPIRLGLALNFSVFYYEILNSPEKACSLAKTAFDEAIAELDTLSEESYKDSTLIMQLLRDNLTLWTGGGGRRRETQV	QV	240	173.71075439453125
RETQV	6ZFD	B	238	zeta,delta			False	T	GPHMDKNELVQKAKLAEQAERYDDMAACMKSVTEQGAELSNEERNLLSVAYKNVVGARRSAWRVVSSIEQKTEGAAAAQQMAREYREKIETELRDICNDVLSLLEKFLIPNASQAESKVFYLKMKGDYYRYLAEVAAGDDKKGIVDQSQQAYQEAFEISAAAMQPTHPIRLGLALNFSVFYYEILNSPEKACSLAKTAFDEAIAELDTLSEESYKDSTLIMQLLRDNLTLWTGGGGRRRE[TPO]QV	GPHMDKNELVQKAKLAEQAERYDDMAACMKSVTEQGAELSNEERNLLSVAYKNVVGARRSAWRVVSSIEQKTEGAAAAQQMAREYREKIETELRDICNDVLSLLEKFLIPNASQAESKVFYLKMKGDYYRYLAEVAAGDDKKGIVDQSQQAYQEAFEISAAAMQPTHPIRLGLALNFSVFYYEILNSPEKACSLAKTAFDEAIAELDTLSEESYKDSTLIMQLLRDNLTLWTGGGGRRRETQV	QV	240	173.34027099609375
RETQV	6ZFG	A	238	zeta	FUSICOCCIN		False	T	GPHMDKNELVQKAKLAEQAERYDDMAACMKSVTEQGAELSNEERNLLSVAYKNVVGARRSAWRVVSSIEQKTEGAAAAQQMAREYREKIETELRDICNDVLSLLEKFLIPNASQAESKVFYLKMKGDYYRYLAEVAAGDDKKGIVDQSQQAYQEAFEISAAAMQPTHPIRLGLALNFSVFYYEILNSPEKACSLAKTAFDEAIAELDTLSEESYKDSTLIMQLLRDNLTLWTGGGGRRRE[TPO]QV	GPHMDKNELVQKAKLAEQAERYDDMAACMKSVTEQGAELSNEERNLLSVAYKNVVGARRSAWRVVSSIEQKTEGAAAAQQMAREYREKIETELRDICNDVLSLLEKFLIPNASQAESKVFYLKMKGDYYRYLAEVAAGDDKKGIVDQSQQAYQEAFEISAAAMQPTHPIRLGLALNFSVFYYEILNSPEKACSLAKTAFDEAIAELDTLSEESYKDSTLIMQLLRDNLTLWTGGGGRRRETQV	QV	240	169.67738342285156
RETQV	6ZFG	B	238	zeta	FUSICOCCIN		False	T	GPHMDKNELVQKAKLAEQAERYDDMAACMKSVTEQGAELSNEERNLLSVAYKNVVGARRSAWRVVSSIEQKTEGAAAAQQMAREYREKIETELRDICNDVLSLLEKFLIPNASQAESKVFYLKMKGDYYRYLAEVAAGDDKKGIVDQSQQAYQEAFEISAAAMQPTHPIRLGLALNFSVFYYEILNSPEKACSLAKTAFDEAIAELDTLSEESYKDSTLIMQLLRDNLTLWTGGGGRRRE[TPO]QV	GPHMDKNELVQKAKLAEQAERYDDMAACMKSVTEQGAELSNEERNLLSVAYKNVVGARRSAWRVVSSIEQKTEGAAAAQQMAREYREKIETELRDICNDVLSLLEKFLIPNASQAESKVFYLKMKGDYYRYLAEVAAGDDKKGIVDQSQQAYQEAFEISAAAMQPTHPIRLGLALNFSVFYYEILNSPEKACSLAKTAFDEAIAELDTLSEESYKDSTLIMQLLRDNLTLWTGGGGRRRETQV	QV	240	183.67108154296875
SPSMP	5M36	C	216	zeta,delta	C42 H32 O8 P2		False	S	SRSGLYRSP[SEP]MPENLNRPRLKQVEKFKDNTIPDKVKKK	SRSGLYRSPSMPENLNRPRLKQVEKFKDNTIPDKVKKK	MP	9	173.83563232421875
SPSMP	5M36	D	216	zeta,delta	C42 H32 O8 P2		False	S	SRSGLYRSP[SEP]MPENLNRPRLKQVEKFKDNTIPDKVKKK	SRSGLYRSPSMPENLNRPRLKQVEKFKDNTIPDKVKKK	MP	9	175.2257080078125
SPSMP	5M37	C	216	zeta,delta	C42 H32 O8 P2		False	S	RSGLYRSP[SEP]MPENLNRPRL	RSGLYRSPSMPENLNRPRL	MP	8	176.1437530517578
SPSMP	5M37	D	216	zeta,delta	C42 H32 O8 P2		False	S	SRSGLYRSP[SEP]MPENLNRPRL	SRSGLYRSPSMPENLNRPRL	MP	9	171.4175262451172
SPSMP	5M35	C	216	zeta,delta			False	S	LYRSP[SEP]MPEN	LYRSPSMPEN	MP	5	164.8585662841797
SPSMP	5M35	D	216	zeta,delta			False	S	RSP[SEP]MPE	RSPSMPE	MP	3	158.81101989746094
RSSLL	6T5H	A	240	sigma			False	S	GPHMERASLIQKAKLAEQAERYEDMAAFMKGAVEKGEELSCEERNLLSVAYKNVVGGQRAAWRVLSSIEQKSNEEGSAAAGPEVREYREKVETELQGVCDTVLGLLDSHLIKEAGDAESRVFYLKMKGDYYRYLAEVATGDDKKRIIDSARSAYQEAMDISKKEMPPTNPIRLGLALNFSVFHYEIANSPEEAISLAKTTFDEAMADLHTLSEDSYKDSTLIMQLLRDNLTLWTGSGSLRRS[SEP]LLGSR	GPHMERASLIQKAKLAEQAERYEDMAAFMKGAVEKGEELSCEERNLLSVAYKNVVGGQRAAWRVLSSIEQKSNEEGSAAAGPEVREYREKVETELQGVCDTVLGLLDSHLIKEAGDAESRVFYLKMKGDYYRYLAEVATGDDKKRIIDSARSAYQEAMDISKKEMPPTNPIRLGLALNFSVFHYEIANSPEEAISLAKTTFDEAMADLHTLSEDSYKDSTLIMQLLRDNLTLWTGSGSLRRSSLLGSR	LL	242	183.951904296875
RSSLL	6T5H	B	240	sigma			False	S	GPHMERASLIQKAKLAEQAERYEDMAAFMKGAVEKGEELSCEERNLLSVAYKNVVGGQRAAWRVLSSIEQKSNEEGSAAAGPEVREYREKVETELQGVCDTVLGLLDSHLIKEAGDAESRVFYLKMKGDYYRYLAEVATGDDKKRIIDSARSAYQEAMDISKKEMPPTNPIRLGLALNFSVFHYEIANSPEEAISLAKTTFDEAMADLHTLSEDSYKDSTLIMQLLRDNLTLWTGSGSLRRS[SEP]LLGSR	GPHMERASLIQKAKLAEQAERYEDMAAFMKGAVEKGEELSCEERNLLSVAYKNVVGGQRAAWRVLSSIEQKSNEEGSAAAGPEVREYREKVETELQGVCDTVLGLLDSHLIKEAGDAESRVFYLKMKGDYYRYLAEVATGDDKKRIIDSARSAYQEAMDISKKEMPPTNPIRLGLALNFSVFHYEIANSPEEAISLAKTTFDEAMADLHTLSEDSYKDSTLIMQLLRDNLTLWTGSGSLRRSSLLGSR	LL	242	178.16676330566406
PSLPT	4Y5I	G	5	sigma			False	S	[ACE]RTP[SEP]LPT[PIP]	RTPSLPTX	LP	4	178.4845733642578
RASAP	5LU1	C	16	sigma			False	S	RRA[SEP]APLP	RRASAPLP	AP	3	179.3706817626953
RASAP	5LU1	D	16	sigma			False	S	RRA[SEP]APLP	RRASAPLP	AP	3	180.13987731933594
RASAP	5LU1	G	16	sigma			False	S	RRA[SEP]APLP	RRASAPLP	AP	3	179.8991241455078
RASAP	5LU1	H	16	sigma			False	S	RRA[SEP]APLP	RRASAPLP	AP	3	179.28262329101562
RASAP	5OK9	A	240	sigma,eta			False	S	GPHMERASLIQKAKLAEQAERYEDMAAFMKGAVEKGEELSCEERNLLSVAYKNVVGGQRAAWRVLSSIEQKSNEEGSAAAGPEVREYREKVETELQGVCDTVLGLLDSHLIKEAGDAESRVFYLKMKGDYYRYLAEVATGDDKKRIIDSARSAYQEAMDISKKEMPPTNPIRLGLALNFSVFHYEIANSPEEAISLAKTTFDEAMADLHTLSEDSYKDSTLIMQLLRDNLTLWTGSGSLRRA[SEP]APL	GPHMERASLIQKAKLAEQAERYEDMAAFMKGAVEKGEELSCEERNLLSVAYKNVVGGQRAAWRVLSSIEQKSNEEGSAAAGPEVREYREKVETELQGVCDTVLGLLDSHLIKEAGDAESRVFYLKMKGDYYRYLAEVATGDDKKRIIDSARSAYQEAMDISKKEMPPTNPIRLGLALNFSVFHYEIANSPEEAISLAKTTFDEAMADLHTLSEDSYKDSTLIMQLLRDNLTLWTGSGSLRRASAPL	AP	242	177.62991333007812
RASAP	5OK9	B	240	sigma,eta			False	S	GPHMERASLIQKAKLAEQAERYEDMAAFMKGAVEKGEELSCEERNLLSVAYKNVVGGQRAAWRVLSSIEQKSNEEGSAAAGPEVREYREKVETELQGVCDTVLGLLDSHLIKEAGDAESRVFYLKMKGDYYRYLAEVATGDDKKRIIDSARSAYQEAMDISKKEMPPTNPIRLGLALNFSVFHYEIANSPEEAISLAKTTFDEAMADLHTLSEDSYKDSTLIMQLLRDNLTLWTGSGSLRRA[SEP]APL	GPHMERASLIQKAKLAEQAERYEDMAAFMKGAVEKGEELSCEERNLLSVAYKNVVGGQRAAWRVLSSIEQKSNEEGSAAAGPEVREYREKVETELQGVCDTVLGLLDSHLIKEAGDAESRVFYLKMKGDYYRYLAEVATGDDKKRIIDSARSAYQEAMDISKKEMPPTNPIRLGLALNFSVFHYEIANSPEEAISLAKTTFDEAMADLHTLSEDSYKDSTLIMQLLRDNLTLWTGSGSLRRASAPL	AP	242	179.38040161132812
RASAP	5OK9	E	240	sigma,eta			False	S	GPHMERASLIQKAKLAEQAERYEDMAAFMKGAVEKGEELSCEERNLLSVAYKNVVGGQRAAWRVLSSIEQKSNEEGSAAAGPEVREYREKVETELQGVCDTVLGLLDSHLIKEAGDAESRVFYLKMKGDYYRYLAEVATGDDKKRIIDSARSAYQEAMDISKKEMPPTNPIRLGLALNFSVFHYEIANSPEEAISLAKTTFDEAMADLHTLSEDSYKDSTLIMQLLRDNLTLWTGSGSLRRA[SEP]APL	GPHMERASLIQKAKLAEQAERYEDMAAFMKGAVEKGEELSCEERNLLSVAYKNVVGGQRAAWRVLSSIEQKSNEEGSAAAGPEVREYREKVETELQGVCDTVLGLLDSHLIKEAGDAESRVFYLKMKGDYYRYLAEVATGDDKKRIIDSARSAYQEAMDISKKEMPPTNPIRLGLALNFSVFHYEIANSPEEAISLAKTTFDEAMADLHTLSEDSYKDSTLIMQLLRDNLTLWTGSGSLRRASAPL	AP	242	177.244384765625
RASAP	5OK9	F	240	sigma,eta			False	S	GPHMERASLIQKAKLAEQAERYEDMAAFMKGAVEKGEELSCEERNLLSVAYKNVVGGQRAAWRVLSSIEQKSNEEGSAAAGPEVREYREKVETELQGVCDTVLGLLDSHLIKEAGDAESRVFYLKMKGDYYRYLAEVATGDDKKRIIDSARSAYQEAMDISKKEMPPTNPIRLGLALNFSVFHYEIANSPEEAISLAKTTFDEAMADLHTLSEDSYKDSTLIMQLLRDNLTLWTGSGSLRRA[SEP]APL	GPHMERASLIQKAKLAEQAERYEDMAAFMKGAVEKGEELSCEERNLLSVAYKNVVGGQRAAWRVLSSIEQKSNEEGSAAAGPEVREYREKVETELQGVCDTVLGLLDSHLIKEAGDAESRVFYLKMKGDYYRYLAEVATGDDKKRIIDSARSAYQEAMDISKKEMPPTNPIRLGLALNFSVFHYEIANSPEEAISLAKTTFDEAMADLHTLSEDSYKDSTLIMQLLRDNLTLWTGSGSLRRASAPL	AP	242	177.69097900390625
RASAP	5LU2	C	16	sigma			False	S	WLRRA[SEP]APLPGLK	WLRRASAPLPGLK	AP	5	181.10781860351562
RASAP	5LU2	D	16	sigma			False	S	WLRRA[SEP]APLPGLK	WLRRASAPLPGLK	AP	5	180.17471313476562
TASNP	5NAS	C	294	zeta			False	S	LKRTA[SEP]NPK	LKRTASNPK	NP	5	179.9557647705078
TASNP	5NAS	D	294	zeta			False	S	LKRTA[SEP]NPK	LKRTASNPK	NP	5	175.0155029296875
SASEP	4IEA	P	621	zeta			False	S	RSA[SEP]EPSL	RSASEPSL	EP	3	183.45643615722656
SASEP	6U2H	C	729	zeta,delta	2-{4-[(1E)-1-(hydroxyimino)-2,3-dihydro-1H-inden-5-yl]-3-(pyridin-4-yl)-1H-pyrazol-1-yl}ethanol		False	S	GSDDWEIPDGQITVGQRIGSGSFGTVYKGKWHGDVAVKMLNVTAPTPQQLQAFKNEVGVLRKTRHVNILLFMGYSTKPQLAIVTQWCEGSSLYHHLHASETKFEMKKLIDIARQTARGMDYLHAKSIIHRDLKSNNIFLHEDNTVKIGDFGLATVKSRWSGSHQFEQLSGSILWMAPEVIRMQDSNPYSFQSDVYAFGIVLYELMTGQLPYSNINNRDQIIEMVGRGSLSPDLSKVRSNCPKRMKRLMAECLKKKRDERPSFPRILAEIEELARELPKIHRSA[SEP]EPSLNR	GSDDWEIPDGQITVGQRIGSGSFGTVYKGKWHGDVAVKMLNVTAPTPQQLQAFKNEVGVLRKTRHVNILLFMGYSTKPQLAIVTQWCEGSSLYHHLHASETKFEMKKLIDIARQTARGMDYLHAKSIIHRDLKSNNIFLHEDNTVKIGDFGLATVKSRWSGSHQFEQLSGSILWMAPEVIRMQDSNPYSFQSDVYAFGIVLYELMTGQLPYSNINNRDQIIEMVGRGSLSPDLSKVRSNCPKRMKRLMAECLKKKRDERPSFPRILAEIEELARELPKIHRSASEPSLNR	EP	283	177.2833709716797
SASEP	6U2H	D	729	zeta,delta	2-{4-[(1E)-1-(hydroxyimino)-2,3-dihydro-1H-inden-5-yl]-3-(pyridin-4-yl)-1H-pyrazol-1-yl}ethanol		False	S	GSDDWEIPDGQITVGQRIGSGSFGTVYKGKWHGDVAVKMLNVTAPTPQQLQAFKNEVGVLRKTRHVNILLFMGYSTKPQLAIVTQWCEGSSLYHHLHASETKFEMKKLIDIARQTARGMDYLHAKSIIHRDLKSNNIFLHEDNTVKIGDFGLATVKSRWSGSHQFEQLSGSILWMAPEVIRMQDSNPYSFQSDVYAFGIVLYELMTGQLPYSNINNRDQIIEMVGRGSLSPDLSKVRSNCPKRMKRLMAECLKKKRDERPSFPRILAEIEELARELPKIHRSA[SEP]EPSLNR	GSDDWEIPDGQITVGQRIGSGSFGTVYKGKWHGDVAVKMLNVTAPTPQQLQAFKNEVGVLRKTRHVNILLFMGYSTKPQLAIVTQWCEGSSLYHHLHASETKFEMKKLIDIARQTARGMDYLHAKSIIHRDLKSNNIFLHEDNTVKIGDFGLATVKSRWSGSHQFEQLSGSILWMAPEVIRMQDSNPYSFQSDVYAFGIVLYELMTGQLPYSNINNRDQIIEMVGRGSLSPDLSKVRSNCPKRMKRLMAECLKKKRDERPSFPRILAEIEELARELPKIHRSASEPSLNR	EP	283	180.4347686767578
SLSAP	6EF5	S	511	zeta,delta			False	S	RSL[SEP]APG	RSLSAPG	AP	3	168.58717346191406
SLSAP	6EF5	Q	511	zeta,delta			False	S	RSL[SEP]APG	RSLSAPG	AP	3	171.16751098632812
SLSAP	6Y8A	P	511	sigma			False	S	RSL[SEP]APGN	RSLSAPGN	AP	3	175.85292053222656
RYSTP	4FJ3	P	233	sigma			False	S	QHRY[SEP]TPHAFTFNTSSPSSEGSLSQRQRST[SEP]TPNVH	QHRYSTPHAFTFNTSSPSSEGSLSQRQRSTSTPNVH	TP	4	167.06507873535156
RYSTP	4IHL	P	233	zeta			False	S	QHRY[SEP]TPHAFTFNTSSPSSEGSLSQRQRST[SEP]TPNVH	QHRYSTPHAFTFNTSSPSSEGSLSQRQRSTSTPNVH	TP	4	183.09591674804688
GSEPW	6Y1J	P	63	alpha			False	S	[ACE]QEVPRG[SEP]EPWKQQ	QEVPRGSEPWKQQ	EP	7	171.88455200195312
TISAP	6YR5	O	367	sigma			False	S	DCRRTI[SEP]APVVRPK	DCRRTISAPVVRPK	AP	6	171.5438995361328
TISAP	6YR5	P	367	sigma			False	S	DCRRTI[SEP]APVVRPK	DCRRTISAPVVRPK	AP	6	180.24945068359375
TISAP	6YR5	Q	367	sigma			False	S	DCRRTI[SEP]APVVRPK	DCRRTISAPVVRPK	AP	6	184.53604125976562
TISAP	6YR5	R	367	sigma			False	S	DCRRTI[SEP]APVVRPK	DCRRTISAPVVRPK	AP	6	174.5174560546875
SLSTS	6YR7	Q	446	sigma			False	S	SKLTHSL[SEP]TSDITAIPEKENEGNDVPDCRRTI[SEP]APVVRPK	SKLTHSLSTSDITAIPEKENEGNDVPDCRRTISAPVVRPK	TS	7	175.0511016845703
SLSTS	6YR7	C	446	sigma			False	S	SKLTHSL[SEP]TSDITAIPEKENEGNDVPDCRRTI[SEP]APVVRPK	SKLTHSLSTSDITAIPEKENEGNDVPDCRRTISAPVVRPK	TS	7	177.34310913085938
SATTL	7AEW	BBB	63	sigma			False	T	EKNKNAN[SEP]SPVASTTPSASATTNPASA[TPO]TLDQSKAWNR	EKNKNANSSPVASTTPSASATTNPASATTLDQSKAWNR	TL	27	169.58973693847656
PSSWR	7AXN	P	72	sigma	3-chloranyl-4-imidazol-1-yl-benzaldehyde		False	S	LVKHSQSRRPS[SEP]WRQEK	LVKHSQSRRPSSWRQEK	WR	11	177.58200073242188
PSSWR	7AYF	P	72	sigma	6-(2-bromanylimidazol-1-yl)pyridine-3-carbaldehyde		False	S	LVKHSQSRRPS[SEP]WRQEK	LVKHSQSRRPSSWRQEK	WR	11	179.36080932617188
PSSWR	7AZ1	P	72	sigma	1-[4-methyl-3-(trifluoromethyl)phenyl]-2-phenyl-imidazole		False	S	LVKHSQSRRPS[SEP]WRQEK	LVKHSQSRRPSSWRQEK	WR	11	175.80862426757812
PSSWR	7AZ2	P	127	sigma	1-[4-methyl-2-(trifluoromethyl)phenyl]-2-phenyl-imidazole		False	S	LVKHSQSRRPS[SEP]WRQEK	LVKHSQSRRPSSWRQEK	WR	11	175.73684692382812
PSSWR	7BDP	P	72	sigma	2-chloranyl-4-(2-phenylimidazol-1-yl)benzaldehyde		False	S	LVKHSQSRRPS[SEP]WRQEK	LVKHSQSRRPSSWRQEK	WR	11	180.4601287841797
PSSWR	7BDT	P	72	sigma	2-bromanyl-4-(2-phenylimidazol-1-yl)benzaldehyde		False	S	LVKHSQSRRPS[SEP]WRQEK	LVKHSQSRRPSSWRQEK	WR	11	175.21385192871094
PSSWR	7BDY	P	72	sigma	2-bromanyl-4-[2-(5-bromanyl-2-fluoranyl-phenyl)imidazol-1-yl]benzaldehyde		False	S	LVKHSQSRRPS[SEP]WRQEK	LVKHSQSRRPSSWRQEK	WR	11	180.26095581054688
PSSWR	7BFW	P	72	sigma	[4-[2-[2,4-bis(fluoranyl)phenyl]imidazol-1-yl]-2-bromanyl-phenyl]methanol		False	S	LVKHSQSRRPS[SEP]WRQEK	LVKHSQSRRPSSWRQEK	WR	11	176.3414764404297
PSSWR	7BG3	P	72	sigma	1-(3-bromanyl-4-methyl-phenyl)-2-(2-bromophenyl)imidazole		False	S	LVKHSQSRRPS[SEP]WRQEK	LVKHSQSRRPSSWRQEK	WR	11	179.70591735839844
PSSWR	7BGQ	P	72	sigma	2-methoxy-4-(2-phenylimidazol-1-yl)benzaldehyde		False	S	LVKHSQSRRPS[SEP]WRQEK	LVKHSQSRRPSSWRQEK	WR	11	176.50392150878906
PSSWR	7BGR	P	72	sigma	2-methyl-4-(2-phenylimidazol-1-yl)benzaldehyde		False	S	LVKHSQSRRPS[SEP]WRQEK	LVKHSQSRRPSSWRQEK	WR	11	176.05752563476562
PSSWR	7BGV	P	72	sigma	3-methoxy-4-(2-phenylimidazol-1-yl)benzaldehyde		False	S	LVKHSQSRRPS[SEP]WRQEK	LVKHSQSRRPSSWRQEK	WR	11	177.18138122558594
PSSWR	7BGW	P	72	sigma	4-(2-phenylimidazol-1-yl)naphthalene-1-carbaldehyde		False	S	LVKHSQSRRPS[SEP]WRQEK	LVKHSQSRRPSSWRQEK	WR	11	178.5941619873047
PSSWR	7NIF	P	72	sigma	1-(4-methylphenyl)imidazole		False	S	LVKHSQSRRPS[SEP]WRQEK	LVKHSQSRRPSSWRQEK	WR	11	180.7303466796875
PSSWR	7NIG	P	72	sigma	2-bromanyl-4-imidazol-1-yl-benzaldehyde		False	S	LVKHSQSRRPS[SEP]WRQEK	LVKHSQSRRPSSWRQEK	WR	11	181.5281524658203
PSSWR	7NJ6	P	72	sigma	4-[4-(trifluoromethyl)imidazol-1-yl]benzaldehyde		False	S	LVKHSQSRRPS[SEP]WRQEK	LVKHSQSRRPSSWRQEK	WR	11	185.6221466064453
PSSWR	7NJ8	P	72	sigma	[4-(1H-benzimidazol-1-yl)phenyl]methanol		False	S	LVKHSQSRRPS[SEP]WRQEK	LVKHSQSRRPSSWRQEK	WR	11	176.14974975585938
PSSWR	7NJA	P	72	sigma	[4-(2-phenylimidazol-1-yl)phenyl]methanol		False	S	LVKHSQSRRPS[SEP]WRQEK	LVKHSQSRRPSSWRQEK	WR	11	190.89126586914062
PSSWR	7NRK	P	72	sigma	4-(4-methylimidazol-1-yl)benzaldehyde		False	S	LVKHSQSRRPS[SEP]WRQEK	LVKHSQSRRPSSWRQEK	WR	11	178.4361572265625
PSSWR	7NRL	P	72	sigma	2-(hydroxymethyl)-5-(2-phenylimidazol-1-yl)phenol		False	S	LVKHSQSRRPS[SEP]WRQEK	LVKHSQSRRPSSWRQEK	WR	11	176.12353515625
PSSWR	7OQ9	P	72	sigma	~{N}-[(5-carbamimidoyl-3-phenyl-thiophen-2-yl)methyl]-2,3-dihydro-1-benzofuran-5-carboxamide		False	S	LVKHSQSRRPS[SEP]WRQEK	LVKHSQSRRPSSWRQEK	WR	11	205.66360473632812
PSSWR	7OQA	P	72	sigma	~{N}-[(5-carbamimidoyl-3-phenyl-thiophen-2-yl)methyl]-2,3-dihydro-1-benzofuran-7-carboxamide		False	S	LVKHSQSRRPS[SEP]WRQEK	LVKHSQSRRPSSWRQEK	WR	11	180.52076721191406
PSSWR	8C2G	P	127	sigma	2-iodanyl-4-(2-phenylimidazol-1-yl)benzaldehyde		False	S	LVKHSQSRRPS[SEP]WRQEK	LVKHSQSRRPSSWRQEK	WR	11	175.70216369628906
SISFS	8ANC	P	103	sigma			False	S	GRRSI[SEP]FSVGA	GRRSISFSVGA	FS	5	165.071044921875
AKSCT	8B2K	B	240	gamma	3-bromanyl-5-methanoyl-~{N}-methyl-~{N}-(2-sulfanylethyl)benzamide		False	S	TDLRKDKAK[SEP]CTVM	TDLRKDKAKSCTVM	CT	9	180.84185791015625
AKSCT	8BFC	B	240	gamma			False	S	TDLRKDKAK[SEP]CTVM	TDLRKDKAKSCTVM	CT	9	188.07557678222656
AHTFS	7NIX	B	642	sigma			False	T	RRRAH[TPO]FSHPP	RRRAHTFSHPP	FS	5	173.69668579101562
SYSSP	8ADM	P	127	sigma			False	S	RSY[SEP]SPDI	RSYSSPDI	SP	3	180.5753936767578
SYSSP	6F09	A	718	zeta,delta			False	S	KLKRSY[SEP]SPDITQ	KLKRSYSSPDITQ	SP	6	167.60874938964844
SYSSP	6F09	B	718	zeta,delta			False	S	KLKRSY[SEP]SPDITQ	KLKRSYSSPDITQ	SP	6	171.9288787841797
SYSSP	6F09	C	718	zeta,delta			False	S	KLKRSY[SEP]SPDITQ	KLKRSYSSPDITQ	SP	6	174.36851501464844
SYSSP	6F09	D	718	zeta,delta			False	S	KLKRSY[SEP]SPDITQ	KLKRSYSSPDITQ	SP	6	176.33851623535156
NTLRG	6QDR	B	99	sigma			False	T	[ACE]VISSN[TPO]LRGRS	VISSNTLRGRS	LR	6	184.404296875
NTLRG	6QDS	B	99	sigma	FC-NCPC		False	T	[ACE]VISSN[TPO]LRGRS	VISSNTLRGRS	LR	6	182.33489990234375
RATVP	8C3Z	B	594	alpha,zeta			False	T	AEGRRA[TPO]VPWSHPQFEK	AEGRRATVPWSHPQFEK	VP	6	175.1004180908203
SISLP	6EJL	C	966	zeta			False	S	RSI[SEP]LPVP	RSISLPVP	LP	3	178.97760009765625
SISLP	6EJL	D	966	zeta			False	S	RSI[SEP]LPVP	RSISLPVP	LP	3	188.83963012695312
RISVI	5D2D	C	753	zeta,delta			False	S	AILPRI[SEP]VISTGPTLQARRRQ[SEP]VLNLMT	AILPRISVISTGPTLQARRRQSVLNLMT	VI	6	170.80007934570312
RISVI	6HEP	E	753	alpha,beta/alpha	2-{2-[2-2-(METHOXY-ETHOXY)-ETHOXY]-ETHOXY}-ETHANOL		False	S	AILPRI[SEP]VISTGPTLQARRRQ[SEP]VLNLMT	AILPRISVISTGPTLQARRRQSVLNLMT	VI	6	182.2858428955078
RISVI	6HEP	F	753	alpha,beta/alpha	2-{2-[2-2-(METHOXY-ETHOXY)-ETHOXY]-ETHOXY}-ETHANOL		False	S	AILPRI[SEP]VISTGPTLQARRRQ[SEP]VLNLMT	AILPRISVISTGPTLQARRRQSVLNLMT	VI	6	178.46124267578125
RQSVL	5D2D	C	768	zeta,delta			False	S	AILPRI[SEP]VISTGPTLQARRRQ[SEP]VLNLMT	AILPRISVISTGPTLQARRRQSVLNLMT	VL	21	168.15325927734375
RQSVL	6HEP	E	768	alpha,beta/alpha	2-{2-[2-2-(METHOXY-ETHOXY)-ETHOXY]-ETHOXY}-ETHANOL		False	S	AILPRI[SEP]VISTGPTLQARRRQ[SEP]VLNLMT	AILPRISVISTGPTLQARRRQSVLNLMT	VL	21	170.89170837402344
RQSVL	6HEP	F	768	alpha,beta/alpha	2-{2-[2-2-(METHOXY-ETHOXY)-ETHOXY]-ETHOXY}-ETHANOL		False	S	AILPRI[SEP]VISTGPTLQARRRQ[SEP]VLNLMT	AILPRISVISTGPTLQARRRQSVLNLMT	VL	21	168.70201110839844
GGSLP	7D8H	B	64	zeta,delta			False	S	QYYGG[SEP]LPNVN	QYYGGSLPNVN	LP	5	176.54248046875
GGSLP	7D9V	C	245	zeta,delta			False	S	HNTGG[SEP]LPDLT	HNTGGSLPDLT	LP	5	174.09056091308594
GGSLP	7D9V	D	245	zeta,delta			False	S	HNTGG[SEP]LPDLT	HNTGGSLPDLT	LP	5	175.43673706054688
TNSDS	7D8P	C	151	zeta,delta			False	S	WRRTN[SEP]DSALH	WRRTNSDSALH	DS	5	180.01979064941406
TNSDS	7D8P	D	151	zeta,delta			False	S	WRRTN[SEP]DSALH	WRRTNSDSALH	DS	5	179.23101806640625
SATTT	2V7D	P	758	eta			False	T	KSA[TPO]TTVNP	KSATTTVNP	TT	3	181.0994873046875
SATTT	2V7D	Q	758	eta			False	T	KSA[TPO]TTVNP	KSATTTVNP	TT	3	181.6409149169922
SATTT	2V7D	R	758	eta			False	T	KSA[TPO]TTVNP	KSATTTVNP	TT	3	181.19680786132812
SATTT	2V7D	S	758	eta			False	T	KSA[TPO]TTVNP	KSATTTVNP	TT	3	181.5572052001953
SASFS	5EWZ	D	210	zeta,delta			False	S	RSA[SEP]FS	RSASFS	FS	3	185.6517333984375
KTSCA	6QDT	B	594	sigma			False	T	[ACE]KLRSK[TPO]SCANL	KLRSKTSCANL	SC	6	174.57229614257812
